<wpml-config>  
    <admin-texts>
        <key name="br-compare-products-options">
            <key name="text_settings">
                <key name="compare" />
                <key name="add_compare" />
                <key name="added_compare" />
                <key name="toolbar" />
                <key name="attribute" />
                <key name="custom" />
                <key name="availability" />
                <key name="description" />
                <key name="remove_all_compare_text" />
                <key name="hide_same_button_text" />
                <key name="show_same_button_text" />
            </key>
        </key>
    </admin-texts>
</wpml-config>
